title,img_link,intro,rate,download,app_ids
Sudoku - Classic Sudoku Puzzle,https://play-lh.googleusercontent.com/hYLElG0RAgn60XE6cfgsPPW_JB63PEVWvDtvhipAGvTpxBX5YgLGt3UXvnJ_kRwKhnE=w240-h480,"Enjoy the  Classic Sudoku Puzzle Game for free! Immerse yourself in this ad-free, classic number puzzle game, available offline, for a logic-enhancing, fun challenge. DOWNLOAD this free app and start your Sudoku free adventure now, a true testament to mind games and puzzle games alike! Sudoku Puzzle Game stands out as a mind-boosting and intellectual brain sudoku number game on Google Play, with playing sudoku offline. You can download the Sudoku app for your Android phone and tablet to enjoy a Sudoku no ads experience! It's the perfect puzzle game for training your brain, logical thinking, memory, and an excellent way to kill time, making it a pinnacle of mind games.‚ú®Classic Sudoku is a logic-based number sudoku free puzzle game, and the goal is to place 1 to 9 digit numbers into each grid cell so that each number can only appear once in each row, each column, and each mini-grid. With our classic Sudoku number puzzle app, you can not only enjoy sudoku puzzle games anytime, anywhere, but also learn Sudoku techniques from it. Embrace the challenge of Sudoku free and  Sudoku offline game modes for a diverse gaming experience, further enriching the puzzle games genre.üåüKey Featuresüåü‚úìDiverse Difficulty Levels: From easy to expert, designed to train your brain, making our app a pillar among sudoku puzzle games.‚úì16x16 Sudoku Grid: Enhance your logical thinking, a must for mind game enthusiasts.‚úìDaily Sudoku Challenges:üèÜNew puzzles daily, adding excitement to your journey.‚úìSudoku No Ads: Focus solely on solving puzzles without interruptions.‚úìCustomizable Gameplay & Advanced Support Tools: Tailor your experience and navigate puzzles smoothly.Our Brain Sudoku app offers a comprehensive brain exercise, improving logical thinking and memory, with  no ads to disrupt your gameplay. Features like sound effects, highlight options, and an intuitive interface ensure a seamless experience, online or  offline.üí°You may also find the following Brain Sudoku features usefulüí°‚úìWeekly Sudoku Updates: 100 new puzzles each week, keeping your gameplay fresh.‚úìSudoku Offline: Play without an internet connection.‚úìSocial Sharing: You can share with your friends via Google+, Facebook, Twitter etc..‚úìDark Mode: Protect your eyes during late-night sessions.‚úìSudoku Timer: Add a competitive edge to your gameplay.Our  Sudoku puzzle app has an intuitive interface, easy control, clear layout, and well-balanced difficulty levels for beginners and advanced players, with no ads. As a  Sudoku offline game,  it's not only a good time killer but also helps you think, makes you more logical, and improves your memory. Engage your mind with our  Sudoku free and  Sudoku no ads experience, the ultimate mind games and puzzle games challenge.When you first open our Sudoku app, you see a guide tour teaching you how to play Sudoku, and when you open the sudoku puzzle game app for the 100th time, you can see yourself as a Sudoku master and a good Sudoku solver. You'd be able to play any web sudoku offline and fast. Come to our Kingdom of Sudoku and keep your mind logical. This is the classic sudoku app for sudoku lovers. If you like to play  sudoku offline puzzle games, you should download the game app. You get 10000+ challenging sudoku puzzles every day to train your brain, and we add 100 sudoku puzzles every week. Each Sudoku offline puzzle has only one true solution. We offer 4 difficulty levels. We add 100 sudoku puzzles every week.   Download now and play sudoku no ads puzzle games every day.For inquiries, email us at üì©support@dailyinnovation.biz. We're always here for you.",4.7,100M,easy.sudoku.puzzle.solver.free
Sudoku - Classic Sudoku Game,https://play-lh.googleusercontent.com/vyfK6_2DK-RsgFL3WdaaIBU_rIf-8rBYl5Gj1OsSUFXwvCNiuRhHAfKSMwIwL5WTbg=w240-h480," Enjoy the Sudoku Puzzle Game for both beginners and experts! Solve thousands of puzzles and take on the daily challenge. Immerse yourself in this Classic Sudoku game, available offline. Challenge your logic and have fun!Whether you're looking to relax or keep your mind sharp, enjoy passing the time with this free Sudoku. Bringing you the authentic Classic Sudoku experience, our app is a convenient puzzle for brain exercises. Enjoy it anytime and anywhere, and enjoy the challenge of sudoku levels. Install puzzles for free and start now!Our diverse puzzle range caters to everyone, from beginners to Sudoku experts. Improve your logical skills and memory across various difficulty levels. Our brain game features helpful tools like hints, auto-check, and duplicate highlighting for an enjoyable solving process. Each Sudoku puzzle is uniquely designed with a single solution for a rewarding experience. üß† Sudoku Key Features:‚úì Track your progress with comprehensive statistics.‚úì Select from multiple difficulty levels to challenge yourself and become a true sudoku solver!.‚úì Use unlimited Undos for quick fixes.‚úì Customizable gameplay with different color themes.‚úì Auto-save feature to pick up where you left off.‚úì An Eraser tool for easy error correction.‚úì Helpful tutorials and hints for beginners to free Sudoku. üß† Highlights:Over 10,000 well-crafted Sudoku puzzles.Difficulty levels to suit all players.Optimized for both phones and tablets.Clean, user-friendly design for a seamless experience.Playable offline without internet.Join our Sudoku journey, solving puzzles daily to kickstart your brain for a productive day. Keep your mind sharp anytime, anywhere with Sudoku free ‚Äì the ultimate brain training & brain puzzles. Whether you're a fan of easy Sudoku or enjoy hard sudoku, this game is perfect for you. Give it a try and see how quickly you can solve the Sudoku puzzles!",4.7,500K,com.sudoku.puzzles.free.killer.classic.fun
Sudoku - Classic Sudoku Puzzle,https://play-lh.googleusercontent.com/JvmIo2b2ZzY0v80WgxOH41OvQyrVrOGeihWd4vfo46MwfhflyXjkAVLSgDzLb9SerXg=w240-h480,"Enjoy the free Sudoku puzzle game for people who are a fresh start and advanced! Thousands of sudoku puzzles to solve. Download and start the daily challenge! The Sudoku - Sudoku puzzle, Brain game, Number game is a kind of cool math games, and it has many different Sudoku puzzles and contains four different levels: Easy, Medium, Difficult, and Expert. Download Sudoku - Sudoku puzzle, Brain game, Number game now and choose the appropriate level for you!Solve the easy level of daily Sudoku puzzles for fun, enhance logical thinking ability with medium/hard Sudoku levels. The game has the functions that to add or remove notes by turning on the memo during gameplay. Did you make a mistake? No problem, there are undo and hint functions! Don't give up!!Features:1. Turn on the note mode to take notes like solving puzzles on a piece of paper. The memo is automatically updated itself while you fill in the cell2. Find your mistakes and challenge yourself or use auto-check to see your mistakes in real-time3. Complete daily challenges and earn special trophies!4. Use the free hint function when you are stuck.5. Number-first input. Tap and hold a number to lock it and you can use it for multiple cells.6. Dark Theme. Perfect for you to play Sudoku before bed.Other additional functions1. There is a stats feature for each difficulty so that you can examine the game played at any time. (Statistics can be reset).2. Unlimited Undo. Did you make a mistake? Get it back fast!3. Autosave. If you leave Sudoku incomplete, it will be saved. Keep playing anytime.4. Eraser. Eliminate all mistakes!5. Mistakes Limit. You can turn off the mistakes limit in the game settings or change it to 3, 5, or 10 mistakes. Highlights1. 9x9 grid with simple design2. Four perfectly balanced difficulty levels: Easy, Medium, Hard, and Expert.Train your brain anytime and anywhere with the Sudoku - Sudoku puzzle, Brain game, Number game. If you like Sudoku and playing math game, we welcome you. Come and try it out! Investing your spare time in Sudoku is very helpful for your mental health. Challenge yourself how quickly you can solve problems!We always carefully check all reviews. Please leave your feedback on why you like this game or suggestions for improvements! Thank you and have fun with Sudoku - Sudoku puzzle, Brain game, Number game!Privacy policy: https://sudoku.gurugame.ai/policy.htmlTerms of use: https://sudoku.gurugame.ai/termsofservice.html",4.8,10M,sudoku.puzzle.free.game.brain
Sudoku.com - Classic Sudoku,https://play-lh.googleusercontent.com/DXTADSCjRBr0kOgfOt927vTqcxb5O4jcLQRUKVFTe5WblKMcB1spJ0W_A8VEf6v3Zb0=w240-h480,"Sudoku free puzzle is a popular classic number game to train your brain. Solve daily sudoku and have fun! Thousands of number games to explore. Install the sudoku free app to start now!Classic sudoku for beginners and advanced players. Whether you'd like to relax or keep your mind active ‚Äì pass the time in a pleasant way with sudoku free puzzle game! Get a small stimulating break or clear your head! Take your favorite number game with you wherever you go. Sudoku is available offline. Playing this free sudoku puzzle on mobile is as good as using a real pencil and paper.Sudoku.com has 10,000+ classic number games and comes in six difficulty levels: fast, easy sudoku, medium, hard sudoku, expert, and giant! Play easy sudoku to exercise your brain, logical thinking, and memory, or try medium and hard sudoku to give your mind a real workout.Our free sudoku puzzle games have some features that make this number puzzle easier for you: hints, auto-check, and highlight duplicates. What's more, in our app each classic sudoku puzzle game has one solution. You will find all you need whether you are solving your first sudoku puzzle, or you've progressed to expert difficulty. Choose any level you like!Features:‚úì Complete Daily Sudoku Challenges to get unique trophies‚úì Take part in Seasonal Events and win unique medals by solving sudoku puzzles‚úì Challenge yourself by figuring out your mistakes, or enable Auto-Check to see your mistakes as you go‚úì Turn on Notes ‚úç to make notes like you would on paper. Each time you fill in a cell on the sudoku puzzle grid, your notes are automatically updated!‚úì Highlight duplicates to avoid repeating numbers in a row, column, and block‚úì Hints can guide you through the points when you are stuck on sudoku free puzzlesMore features:- Statistics. Track your progress for each difficulty level of sudoku puzzle: analyze your best time and other achievements- Unlimited Undos. Made a mistake? Or accidentally have the same numbers match in a row while solving a sudoku puzzle game? Just undo it quickly!- Auto-save. If you leave a game with numbers unfinished, it will be saved. Continue playing your sudoku puzzle game anytime- Highlighting of a row, column, and box related to the selected cell- Eraser. Get rid of the mistakes in the free sudoku gamesHighlights:‚Ä¢ More than 10,000 classic well-formed sudoku puzzle games with numbers‚Ä¢ 9x9 grid‚Ä¢ 6 perfectly balanced levels of difficulty. This free sudoku puzzle is suitable for both sudoku beginners and advanced evil sudoku players! Play fast, easy and medium levels to exercise your brain. Choose hard sudoku to improve your skills and try an expert or giant puzzle with numbers for evil challenges.‚Ä¢ Supports both phones and tablets‚Ä¢ Portrait and landscape mode for tablets‚Ä¢ Simple and intuitive designDaily sudoku is the best way to start your day! 1 or 2 classic sudoku puzzles will help you to wake up, make your brain work, and help you to be ready for a productive working day. Download this classic number game and play sudoku free puzzles offline.If you are an excellent sudoku solver, welcome to our sudoku kingdom! Here you can spend your free time keeping your mind sharp with classic number brain teasers. Regular game practice will help you become a real sudoku master who quickly deals even with the most difficult web puzzles in a short time.Challenge your brain with the classic sudoku anywhere, anytime!Terms of Use:https://easybrain.com/termsPrivacy Policy:https://easybrain.com/privacy",4.6,50M,com.easybrain.sudoku.android
Killer Sudoku by Sudoku.com,https://play-lh.googleusercontent.com/nNNAVvVz9Dn_w1nhdMrLocceQDwQV6rrRPXRBzL8SzWwMvOxliuu1agy4Q1dl0Zkkw=w240-h480,"Killer Sudoku will let you enjoy an exciting experience! Jump into the new Sudoku gameplay, solve tons of new challenging number puzzles, and train your brain! Install Killer Sudoku now for free!  This free Killer Sudoku app comes from the developer of the world‚Äôs most downloaded classic Sudoku puzzle ‚Äì Sudoku.com. So a stellar experience, extra game quality, and endless fun are guaranteed.  Whether you‚Äôre a fan of classic Sudoku or just looking for a number game or math puzzle for a great time and mental workout, free Killer Sudoku is here for you.  Although Killer Sudoku seems a bit harder than classic Sudoku, we made it accessible for players of all skill levels. This number puzzle game comes with several difficulty levels ‚Äì easy, medium, hard, and expert Killer Sudoku. This way, Killer Sudoku puzzles are great for both beginners and advanced Sudoku solvers. We have no doubt you‚Äôll become a Killer Sudoku master in no time!  What is Killer Sudoku  Killer Sudoku is a true legend among number games and puzzles. In a nutshell, it‚Äôs a perfect blend of those fave brain-twisters Sudoku and Kakuro. Absolutely free!  This number puzzle goes by many names: Sumdoku, Addoku, Cross Sum, etc., but the rules are equally simple across the board. Your goal is to fill the grid with numbers like in classic Sudoku while making sure the sum of numbers in the cages (areas separated by dotted lines) is equal to the number in the upper left corner of that cage. Still sounds complicated? Let‚Äôs review the Killer Sudoku rules in detail.  How to play Killer Sudoku  ‚úì Fill all rows, columns, and 3x3 blocks with numbers 1-9 exactly like in classic Sudoku ‚úì Pay attention to the cages ‚Äì groups of cells indicated by dotted lines. ‚úì Make sure the sum of numbers in each cage is equal to the number in the upper left corner of the cage. ‚úì The basic rule of Killer Sudoku is that the sum of all numbers in each 3x3 block, row, or column always equals 45. ‚úì Numbers cannot repeat within cages, a single row, column, or 3x3 region.  Killer Sudoku features  ‚úì Complete free Killer Sudoku Daily Challenges to compete for awards ‚úì Take part in Seasonal Killer Sudoku Events and win unique medals ‚úì Challenge your logic figuring out where you went wrong, or enable Auto-Check to see your mistakes ‚úì Add notes if you‚Äôre not sure which number to place. Enjoy the experience of the classic paper-and-pen puzzle games. ‚úì Use hints when stuck on a really hard number puzzle. Don‚Äôt bother if you‚Äôre an experienced Killer Sudoku solver.  More Killer Sudoku features  - Statistics. Track your daily Killer Sudoku progress, best time, and other achievements - Unlimited Undo. Made a mistake? No worries, undo it in one tap - Color themes. Select classic Light, Dark, or Sepia themes to design your own Killer Sudoku kingdom! - Auto-save. If you get distracted and quit your Killer Sudoku game unfinished, we‚Äôll save it for you so you can continue anytime. - Eraser. Erase any mistakes you made in a number puzzle.  Killer Sudoku is now available on the vast majority of phones and tablets. Install Killer Sudoku for free, train your brain, and have fun along the way!  Terms of Use:https://easybrain.com/terms  Privacy Policy:https://easybrain.com/privacy",4.5,10M,com.easybrain.killer.sudoku.free
Sudoku Game - Daily Puzzles,https://play-lh.googleusercontent.com/nxJWxHuNpP0rMVCQkgAy68GMJYT241c3nCaNmP6bbBinTGtxBhanQAD6DC_SUVF3zQ=w240-h480,"Experience the Ultimate Sudoku Puzzle Game! Free to Download, Play Sudoku Online or Offline!Dive into the world of Sudoku game with thousands of sudoku free puzzles designed to challenge and enhance your logical thinking and brain activity. Whether you‚Äôre a beginner sudoku or a seasoned Sudoku master, this number puzzle game offers endless fun challenges and a variety of math puzzles to suit every sudoku skill level.Why Sudoku? Sudoku is more than just a popular classic number puzzle game; it‚Äôs a brain game activity that sharpens your mind, improves your problem-solving skills, and enhances your logical thinking with a memory boost. With this classic sudoku number puzzle app, you can enjoy the ultimate Sudoku experience, anytime and anywhere!Key Features:üåü Thousands of Free Puzzles: Access a vast library of this logic-based classic Sudoku number puzzle app ranging from easy sudoku to expert sudoku levels. Whether you‚Äôre just looking to relax and fill your spare time or challenge yourself, we have the perfect math puzzle game just for you.üß© Daily Challenges: Participate in daily Sudoku challenge puzzles and boost your brainpower with new puzzles every day!üìù Note Mode: Use Note mode to write down possible numbers, just like solving Sudoku on paper. Perfect for tackling those tricky puzzles!üöÄ Helpful Boosters: Stuck on a puzzle? Use our boosters to get helpful hints and sudoku tips, ensuring you can always make progress.üìà Track Your Progress: Keep an eye on your Sudoku puzzle app journey with detailed statistics. See how you‚Äôve improved over time and strive to set new personal bests.üì≤ Play Sudoku Offline or Online: Enjoy Sudoku wherever you are, with or without an internet connection. Perfect for commutes, travel, or just relaxing at home.üé® Customizable Profiles: Personalize your Soduku experience with cool avatars and profile customization options.How to Play: The objective of Sodoku is simple yet challenging: fill a 9x9 grid with numbers so that each column, each row, and each 3x3 subgrid contains all the numbers from 1 to 9. At the start, some numbers are already filled in. Your task is to use logic and strategy to complete the suduko grid.Additional Features:Four Difficulty Levels: Choose from Easy Soduko, Medium Sudoku, Hard Sudoku, and Expert Sudoki puzzles to match your skill level.Undo and Erase: Made a mistake? No problem! Use the undo and erase functions to correct your moves.Highlighting: Highlight specific numbers to focus on key areas of the puzzle.Secure Account: Log in to secure your progress and never lose your game data.Sudoku Puzzle Game is designed for everyone, from beginners to advanced sudoku pro players. Engage in this timeless number puzzle game to train your brain, enhance your memory, and enjoy hours of logic-based fun.Play Sudoku, brain sudoku, and receive gifts in daily sudoku challenges. This web sudoku game is suitable for all ages - no matter if you are a beginner sudoku solver, just enjoying cool math games, or an experienced sudoku player and math game is your daily task, follow your game statistics and evolve your skills into sudoku expert!Install the sudoku free app and join our sudoku kingdom today! Share your feedback and suggestions with us through review - we‚Äôre dedicated to making the best Sudoku app for you!‚úîÔ∏è Download and Play Sudoku Club Today! Enjoy this free number game and challenge yourself to become a Sudoku master!Terms of Service can be found here: https://www.gamovation.com/legal/tos-sudoku.pdfPrivacy Policy can be found here: https://www.gamovation.com/legal/privacy-policy",4.9,10M,com.gamovation.sudoku
Sudoku,https://play-lh.googleusercontent.com/GesXfoFAR4lmc2gEVw20GNqUg08eKwFjTbeUue6vtavMg37VEKsb5-j_0g86dbY_NiI=w240-h480,"Sudoku is a popular classic math number game loved by players of all ages! Whether you want to pass the time, exercise your brain, or improve your math and logical thinking, our classic Sudoku puzzle game is your perfect choice!In this classic Sudoku game, we offer 8 different difficulty levels, ensuring that players of all skill levels can find their enjoyment. We have prepared over 10,000+ unique Sudoku puzzles to provide you with endless fun!If you're new to Sudoku puzzle games, you can practice in easy mode and learn Sudoku techniques with smart hints. With continuous practice, you can take on more advanced challenges!If you're a Sudoku expert, then challenge yourself with the expert mode! We also offer even more challenging 12x12 and 16x16 modes. Utilize comprehensive game statistics to further hone your skills and push your limits!The puzzle events in this classic Sudoku puzzle game offer you even more fun. While exercising your brain, you can collect beautiful postcards and badges!Playing this classic Sudoku puzzle game is a relaxing process that helps relieve stress and is the perfect choice for leisure time! Additionally, these Sudoku number games can enhance memory and logical abilities. Regular Sudoku math training is an effective way to keep your mind sharp!Key features in this game:‚Ä¢ Exclusive Puzzles: Over 10,000 Sudoku puzzles with continuous updates.‚Ä¢ Multiple Difficulty Levels: Choose from 8 different difficulty levels, catering to beginners and experts alike.‚Ä¢ Daily Challenges: New daily challenge levels with exclusive medals.‚Ä¢ Puzzle Events: Regular puzzle events where you can collect beautiful postcards by collecting Sudoku jigsaw pieces.‚Ä¢ Level Statistics: You can find your level history and extraordinary achievements here, and then you can challenge yourself.‚Ä¢ Eye Protection Mode: Select theme colors that suit different lighting conditions for a more comfortable experience.‚Ä¢ Smart Hints: Detailed solving techniques provided while tackling problems.‚Ä¢ Smart Notes: Quickly fill in notes, saving time and effort.‚Ä¢ Highlight Assistance: Various highlighting options to make puzzles clear.‚Ä¢ Offline puzzles: Play this perfect Sudoku puzzle game anytime anywhere even without network.Play this perfect Sudoku puzzle game now!",4.8,1M,sudoku.puzzle.classic.math.games.train.brain
Sudoku Master!,https://play-lh.googleusercontent.com/stjTItfEyoYW6XankxkYMzHl29ydCcWs-iA-jMXsEmQr9or8GmJw0Cdyyh02aoY47mWv=w240-h480,"Sudoku Master - Classic Sudoku Free is a engaging number puzzle soduko game that tests your sodoku logical thinking and mathematical sodoku skills. Sudoku free offers a unique soduko challenge with each carefully crafted sudoku offline  puzzle, ensuring that every soduko puzzle has only one suduko solution. Whether you‚Äôre looking to relax sodoku or stimulate your brain, Sudoku no ads is the perfect companion for both casual play and mental suduko exercise.With over 40,000 sudoku no ads puzzles across six difficulty sodoku levels, there‚Äôs a sodoku challenge for everyone in Sudoku free. Ranging from Quick and Easy soduko levels for sudoku offline beginners to Expert and Master levels for seasoned players, Sudoku free provides a customizable experience that grows with your skills. Sudoku free starts with a partially filled 9x9 suduko grid, and your soduko goal is to complete sodoku each row, column, and 3x3 sub-grid contains the numbers 1 through 9. Using soduko logic and deduction, you‚Äôll fill in the sodoku blanks to solve each unique sodoku puzzle in sudoku free.Sudoku No Ads offers completely free sodoku gameplay, and with sudoku no ads mode, you can enjoy sudoku free anytime, anywhere, even no ads. Playing sudoku offline  a perfect way to boost your sudoku offline memory, improve your soduko concentration, and unwind after a busy day.Sudoku free includes diverse sodoku gameplay modes beyond traditional sudoku offline. In addition to the classic sudoku no ads grid, you‚Äôll find innovative sodoku variations like Killer Sudoku, Super Sudoku, and sudoku offline, which bring new suduko twists to the familiar format. Sudoku no ads alternative modes are great for those who enjoy other logic puzzles like soduko, nonograms, and number matching games, providing a fresh mental suduko challenge each time you play.Sudoku Offline is designed to be accessible to all ages, incorporating dozens of Sudoku-solving techniques. From basic soduko strategies to advanced sodoku methods, sudoku free players can explore various sudoku no ads approaches, developing critical suduko thinking skills and enhancing their sodoku problem-solving abilities. Soduko‚Äôs symmetrical number patterns add an aesthetic appeal to the classic sudoku offline experience, merging sodoku logic with the elegance of suduko mathematics.Perfect for suduko IQ testing and mental training, this offline, sudoku no ads game suits sodoku players of all ages. Enjoy a satisfying sudoku no ads experience without WiFi, wherever you are. Download sudoku offline - Classic Sudoku Puzzle today to enjoy a refreshing, suduko brain-stimulating Sudoku free journey into the world of Sudoku free, and let the soduko power of numbers enrich your day!",4.8,10M,com.mathbrain.sudoku
Sudoku: Classic & Variations,https://play-lh.googleusercontent.com/Ro_w3U3oBxx5HtDClS4SVK6Kxqj5yGlXYQmy0pJcBYLIpy_DZAcRMrPRJdDMkLyVQk8=w240-h480,"Play six different Sudoku variations in a single app! Start with classic Sudoku grids and advance to Diagonal Sudoku, Irregular Sudoku and OddEven Sudoku - each with a different look and a unique twist of brain challenging logic. Huge brain-bashing Mega Sudoku puzzles, also known as Monster Sudoku, are offered for tablet only.With its diverse variations and straightforward no-frills game design, Conceptis Sudoku brings a new dimension to Sudoku mobile gaming - on both smartphones and tablets.To help see the puzzle progress, graphic previews in the puzzle list show the progress of all puzzles in a volume as they are being solved. A Gallery view option provides these previews in a larger format.For more fun, Sudoku contains no ads and includes a Weekly Bonus section providing an extra free puzzle each week.PUZZLE FEATURES‚Ä¢ 160 free Classic Sudoku and Sudoku variant puzzles‚Ä¢ Variants include Mini, Diagonal, Irregular, OddEven and Mega‚Ä¢ Extra bonus puzzle published free each week‚Ä¢ Multiple difficulty levels from very easy to extremely hard‚Ä¢ Grid sizes up to 16x16‚Ä¢ Puzzle library continuously updates with new content‚Ä¢ Manually selected, top quality puzzles‚Ä¢ Unique solution for each puzzle‚Ä¢ Hours of intellectual challenge and fun‚Ä¢ Sharpens logic and improves cognitive skillsGAMING FEATURES‚Ä¢ No ads‚Ä¢ Unlimited check puzzle‚Ä¢ Unlimited hints‚Ä¢ Show conflicts during gameplay‚Ä¢ Unlimited Undo and Redo‚Ä¢ Pencilmarks feature for solving hard puzzles‚Ä¢ Autofill pencilmarks mode‚Ä¢ Highlight Excluded Squares option‚Ä¢ Lock number on keypad option‚Ä¢ Concurrently playing and saving multiple puzzles‚Ä¢ Puzzle filtering, sorting and archiving options‚Ä¢ Dark Mode support‚Ä¢ Graphic previews showing puzzles progress as they are being solved‚Ä¢ Portrait and landscape screen support (tablet only)‚Ä¢ Track puzzle solving times‚Ä¢ Backup & restore puzzle progress to Google DriveABOUTConceptis Sudoku variations have also become popular under other names such as Sudoku by Dave Green, Sudoku 12x12, Sudoku 16x16, Jigsaw Sudoku, Nonomino Sudoku, Squiggly Sudoku, Sudoku X and many more. All puzzles in this app are produced by Conceptis Ltd. - the leading supplier of logic puzzles to printed and electronic gaming media all over the world. On average, more than 20 million Conceptis puzzles are solved each day in newspapers, magazines, books and online as well as on smartphones and tablets across the world.",4.7,100K,com.conceptispuzzles.sudoku
MultiSudoku: Samurai Sudoku,https://play-lh.googleusercontent.com/UErqHXV8_CzTpxinth0-OznM3NmcHQtwHunPTx1E4Bw5m1dV7pftM2kEMYrIi01GBQ=w240-h480,"Play six different Samurai Sudoku variations in a single app! Start with the easier 2-Grid puzzles and advance all the way to the huge challenging 8-Grid puzzles. Each variation has a different overlapping grid configuration and provides a unique twist of brain challenging logic.With its diverse variations and straightforward no-frills game design, MultiSudoku brings a new dimension to Sudoku mobile gaming - on both smartphones and tablets. To help see the puzzle progress, graphic previews in the puzzle list show the progress of all puzzles in a volume as they are being solved. A Gallery view option provides these previews in a larger format.For more fun, MultiSudoku contains no ads and includes a Weekly Bonus section providing an extra free puzzle each week.PUZZLE FEATURES‚Ä¢ 104 free MultiSudoku puzzles‚Ä¢ Variations include puzzles with 2, 3, 4, 5 and 8 overlapping grids‚Ä¢ 2-Grid Combo variation combines Diagonal, Irregular and OddEven puzzles‚Ä¢ Extra bonus puzzle published free each week‚Ä¢ Multiple difficulty levels from easy to hard‚Ä¢ Puzzle library continuously updates with new content‚Ä¢ Manually selected, top quality puzzles‚Ä¢ Unique solution for each puzzle‚Ä¢ Hours of intellectual challenge and fun‚Ä¢ Sharpens logic and improves cognitive skillsGAMING FEATURES‚Ä¢ No ads‚Ä¢ Unlimited check puzzle‚Ä¢ Unlimited hints‚Ä¢ Show conflicts during gameplay‚Ä¢ Unlimited Undo and Redo‚Ä¢ Pencilmarks feature for solving hard puzzles‚Ä¢ Autofill pencilmarks mode‚Ä¢ Highlight Excluded Squares option‚Ä¢ Lock number on keypad option‚Ä¢ Concurrently playing and saving multiple puzzles‚Ä¢ Puzzle filtering, sorting and archiving options‚Ä¢ Dark Mode support‚Ä¢ Graphic previews showing puzzles progress as they are being solved‚Ä¢ Portrait and landscape screen support (tablet only)‚Ä¢ Track puzzle solving times‚Ä¢ Backup & restore puzzle progress to Google DriveABOUTMultiSudoku have also become popular under other names such as Samurai Sudoku, Combined Sudoku and Gattai Nanpure. All puzzles in this app are produced by Conceptis Ltd. - the leading supplier of logic puzzles to printed and electronic gaming media all over the world. On average, more than 20 million Conceptis puzzles are solved each day in newspapers, magazines, books and online as well as on smartphones and tablets across the world.",4.7,1M,com.conceptispuzzles.multisudoku
